{
    "loss": 24.702436447143555,
    "accuracy": 0.6388115286827087
}